Id,TimePoint,AQI,COLevel,NO2Level,O3Level,PM10Level,PM2_5Level,SO2Level,Area,CityCode,AqiLevel,PrimaryPollutant,Quality,Measure,Unheathful,Latitude,Longitude,ProvinceId
0,2024-06-13T14:00:00,112,1,1,4,2,2,1,北京市,110000,3,臭氧1小时,轻度污染,儿童、老年人及心脏病、呼吸系统疾病患者应减少长时间、高强度的户外锻炼,易感人群症状有轻度加剧，健康人群出现刺激症状,40.0689083333333,116.396520833333,1
0,2024-06-13T14:00:00,141,1,1,5,2,2,1,石家庄市,130100,3,臭氧1小时,轻度污染,儿童、老年人及心脏病、呼吸系统疾病患者应减少长时间、高强度的户外锻炼,易感人群症状有轻度加剧，健康人群出现刺激症状,38.02383065,114.482045191667,3
0,2024-06-13T14:00:00,43,1,1,1,1,1,1,秦皇岛市,130300,1,―,优,各类人群可正常活动,空气质量令人满意，基本无空气污染,39.9260378,119.5976094,3
0,2024-06-13T14:00:00,120,1,1,4,2,1,1,邯郸市,130400,3,臭氧1小时,轻度污染,儿童、老年人及心脏病、呼吸系统疾病患者应减少长时间、高强度的户外锻炼,易感人群症状有轻度加剧，健康人群出现刺激症状,36.595035,114.500333333333,3
0,2024-06-13T14:00:00,137,1,1,5,2,1,1,邢台市,130500,3,臭氧1小时,轻度污染,儿童、老年人及心脏病、呼吸系统疾病患者应减少长时间、高强度的户外锻炼,易感人群症状有轻度加剧，健康人群出现刺激症状,37.070125,114.4932,3
0,2024-06-13T14:00:00,143,1,1,5,2,2,1,保定市,130600,3,臭氧1小时,轻度污染,儿童、老年人及心脏病、呼吸系统疾病患者应减少长时间、高强度的户外锻炼,易感人群症状有轻度加剧，健康人群出现刺激症状,38.8861522222222,115.478648888889,3
0,2024-06-13T14:00:00,106,1,1,3,2,1,1,承德市,130800,3,臭氧1小时,轻度污染,儿童、老年人及心脏病、呼吸系统疾病患者应减少长时间、高强度的户外锻炼,易感人群症状有轻度加剧，健康人群出现刺激症状,40.9561,117.9149,3
0,2024-06-13T14:00:00,128,1,1,4,2,1,1,衡水市,131100,3,臭氧1小时,轻度污染,儿童、老年人及心脏病、呼吸系统疾病患者应减少长时间、高强度的户外锻炼,易感人群症状有轻度加剧，健康人群出现刺激症状,37.689125,115.645325,3
0,2024-06-13T14:00:00,93,1,1,3,2,1,1,太原市,140100,2,臭氧1小时,良,极少数异常敏感人群应减少户外活动,空气质量可接受，但某些污染物可能对极少数异常敏感人群健康有较弱影响,37.8542,112.5191,4
0,2024-06-13T14:00:00,42,1,1,2,1,1,1,大同市,140200,1,―,优,各类人群可正常活动,空气质量令人满意，基本无空气污染,40.10616,113.30312,4
0,2024-06-13T14:00:00,83,1,1,3,1,1,1,阳泉市,140300,2,臭氧1小时,良,极少数异常敏感人群应减少户外活动,空气质量可接受，但某些污染物可能对极少数异常敏感人群健康有较弱影响,37.8575833333333,113.556883333333,4
0,2024-06-13T14:00:00,99,1,1,3,2,1,1,长治市,140400,2,臭氧1小时,良,极少数异常敏感人群应减少户外活动,空气质量可接受，但某些污染物可能对极少数异常敏感人群健康有较弱影响,36.2065625,113.0902375,4
0,2024-06-13T14:00:00,106,1,1,3,2,1,1,晋城市,140500,3,臭氧1小时,轻度污染,儿童、老年人及心脏病、呼吸系统疾病患者应减少长时间、高强度的户外锻炼,易感人群症状有轻度加剧，健康人群出现刺激症状,35.5009833333333,112.845433333333,4
0,2024-06-13T14:00:00,59,1,1,2,2,1,1,朔州市,140600,2,颗粒物(PM10),良,极少数异常敏感人群应减少户外活动,空气质量可接受，但某些污染物可能对极少数异常敏感人群健康有较弱影响,39.3765833333333,112.408416666667,4
0,2024-06-13T14:00:00,100,1,1,3,2,1,1,晋中市,140700,2,颗粒物(PM10),良,极少数异常敏感人群应减少户外活动,空气质量可接受，但某些污染物可能对极少数异常敏感人群健康有较弱影响,37.69555,112.724175,4
0,2024-06-13T14:00:00,97,1,1,3,2,1,1,运城市,140800,2,臭氧1小时,良,极少数异常敏感人群应减少户外活动,空气质量可接受，但某些污染物可能对极少数异常敏感人群健康有较弱影响,35.05166,111.01722,4
0,2024-06-13T14:00:00,127,1,1,4,2,2,1,忻州市,140900,3,臭氧1小时,轻度污染,儿童、老年人及心脏病、呼吸系统疾病患者应减少长时间、高强度的户外锻炼,易感人群症状有轻度加剧，健康人群出现刺激症状,38.4533333333333,112.7223,4
0,2024-06-13T14:00:00,118,1,1,4,2,1,1,临汾市,141000,3,臭氧1小时,轻度污染,儿童、老年人及心脏病、呼吸系统疾病患者应减少长时间、高强度的户外锻炼,易感人群症状有轻度加剧，健康人群出现刺激症状,36.0756,111.51326,4
0,2024-06-13T14:00:00,89,1,1,3,2,1,1,吕梁市,141100,2,臭氧1小时,良,极少数异常敏感人群应减少户外活动,空气质量可接受，但某些污染物可能对极少数异常敏感人群健康有较弱影响,37.5149,111.132866666667,4
0,2024-06-13T14:00:00,39,1,1,2,1,1,1,呼和浩特市,150100,1,―,优,各类人群可正常活动,空气质量令人满意，基本无空气污染,40.800325,111.6629875,5
0,2024-06-13T14:00:00,48,1,1,2,1,1,1,包头市,150200,1,―,优,各类人群可正常活动,空气质量令人满意，基本无空气污染,40.6193875,109.91545,5
0,2024-06-13T14:00:00,147,1,1,2,3,2,1,乌海市,150300,3,颗粒物(PM10),轻度污染,儿童、老年人及心脏病、呼吸系统疾病患者应减少长时间、高强度的户外锻炼,易感人群症状有轻度加剧，健康人群出现刺激症状,39.6923,106.812475,5
0,2024-06-13T14:00:00,40,1,1,2,1,1,1,赤峰市,150400,1,―,优,各类人群可正常活动,空气质量令人满意，基本无空气污染,42.23196,118.99228,5
0,2024-06-13T14:00:00,52,1,1,2,2,1,1,通辽市,150500,2,颗粒物(PM10),良,极少数异常敏感人群应减少户外活动,空气质量可接受，但某些污染物可能对极少数异常敏感人群健康有较弱影响,43.6441,122.267933333333,5
0,2024-06-13T14:00:00,74,1,1,2,2,1,1,鄂尔多斯市,150600,2,颗粒物(PM10),良,极少数异常敏感人群应减少户外活动,空气质量可接受，但某些污染物可能对极少数异常敏感人群健康有较弱影响,39.72498,109.90196,5
0,2024-06-13T14:00:00,30,1,1,1,1,1,1,呼伦贝尔市,150700,1,―,优,各类人群可正常活动,空气质量令人满意，基本无空气污染,49.1919,119.7553,5
0,2024-06-13T14:00:00,48,1,1,2,1,1,1,巴彦淖尔市,150800,1,―,优,各类人群可正常活动,空气质量令人满意，基本无空气污染,40.7491,107.3956,5
0,2024-06-13T14:00:00,40,1,1,2,1,1,1,乌兰察布市,150900,1,―,优,各类人群可正常活动,空气质量令人满意，基本无空气污染,40.9899,113.138325,5
0,2024-06-13T14:00:00,26,1,1,1,1,1,1,兴安盟,152200,1,―,优,各类人群可正常活动,空气质量令人满意，基本无空气污染,46.0701333333333,122.027566666667,5
0,2024-06-13T14:00:00,32,1,1,2,1,1,1,锡林郭勒盟,152500,1,―,优,各类人群可正常活动,空气质量令人满意，基本无空气污染,43.9314,116.09115,5
0,2024-06-13T14:00:00,92,1,1,2,2,2,1,阿拉善盟,152900,2,颗粒物(PM10),良,极少数异常敏感人群应减少户外活动,空气质量可接受，但某些污染物可能对极少数异常敏感人群健康有较弱影响,38.843,105.689733333333,5
0,2024-06-13T14:00:00,46,1,1,2,1,1,1,沈阳市,210100,1,―,优,各类人群可正常活动,空气质量令人满意，基本无空气污染,41.8160454545455,123.466118181818,6
0,2024-06-13T14:00:00,30,1,1,1,1,1,1,大连市,210200,1,―,优,各类人群可正常活动,空气质量令人满意，基本无空气污染,38.95012,121.6276,6
0,2024-06-13T14:00:00,43,1,1,2,1,1,1,鞍山市,210300,1,―,优,各类人群可正常活动,空气质量令人满意，基本无空气污染,41.0917428571429,123.021814285714,6
0,2024-06-13T14:00:00,44,1,1,2,1,1,1,抚顺市,210400,1,―,优,各类人群可正常活动,空气质量令人满意，基本无空气污染,41.8653,123.91465,6
0,2024-06-13T14:00:00,33,1,1,2,1,1,1,本溪市,210500,1,―,优,各类人群可正常活动,空气质量令人满意，基本无空气污染,41.30805,123.780233333333,6
0,2024-06-13T14:00:00,26,1,1,1,1,1,1,丹东市,210600,1,―,优,各类人群可正常活动,空气质量令人满意，基本无空气污染,40.117025,124.378125,6
0,2024-06-13T14:00:00,37,1,1,2,1,1,1,锦州市,210700,1,―,优,各类人群可正常活动,空气质量令人满意，基本无空气污染,41.0608,121.1193,6
0,2024-06-13T14:00:00,32,1,1,2,1,1,1,营口市,210800,1,―,优,各类人群可正常活动,空气质量令人满意，基本无空气污染,40.60107,122.229016666667,6
0,2024-06-13T14:00:00,40,1,1,2,1,1,1,阜新市,210900,1,―,优,各类人群可正常活动,空气质量令人满意，基本无空气污染,42.03372,121.65374,6
0,2024-06-13T14:00:00,32,1,1,2,1,1,1,辽阳市,211000,1,―,优,各类人群可正常活动,空气质量令人满意，基本无空气污染,41.25195,123.188175,6
0,2024-06-13T14:00:00,39,1,1,2,1,1,1,盘锦市,211100,1,―,优,各类人群可正常活动,空气质量令人满意，基本无空气污染,41.1133333333333,121.9695,6
0,2024-06-13T14:00:00,63,1,1,3,1,1,1,铁岭市,211200,2,臭氧1小时,良,极少数异常敏感人群应减少户外活动,空气质量可接受，但某些污染物可能对极少数异常敏感人群健康有较弱影响,42.275725,123.810675,6
0,2024-06-13T14:00:00,41,1,1,2,1,1,1,朝阳市,211300,1,―,优,各类人群可正常活动,空气质量令人满意，基本无空气污染,41.5786,120.420525,6
0,2024-06-13T14:00:00,35,1,1,2,1,1,1,葫芦岛市,211400,1,―,优,各类人群可正常活动,空气质量令人满意，基本无空气污染,40.735,120.863,6
0,2024-06-13T14:00:00,64,1,1,3,1,1,1,长春市,220100,2,臭氧1小时,良,极少数异常敏感人群应减少户外活动,空气质量可接受，但某些污染物可能对极少数异常敏感人群健康有较弱影响,43.81838,125.35915,7
0,2024-06-13T14:00:00,37,1,1,2,1,1,1,吉林市,220200,1,―,优,各类人群可正常活动,空气质量令人满意，基本无空气污染,43.8452285714286,126.568271428571,7
0,2024-06-13T14:00:00,50,1,1,2,1,1,1,四平市,220300,1,―,优,各类人群可正常活动,空气质量令人满意，基本无空气污染,43.168,124.383425,7
0,2024-06-13T14:00:00,89,1,1,3,1,1,1,辽源市,220400,2,臭氧1小时,良,极少数异常敏感人群应减少户外活动,空气质量可接受，但某些污染物可能对极少数异常敏感人群健康有较弱影响,42.89615,125.1061,7
0,2024-06-13T14:00:00,33,1,1,2,1,1,1,通化市,220500,1,―,优,各类人群可正常活动,空气质量令人满意，基本无空气污染,41.7249,125.9402,7
0,2024-06-13T14:00:00,38,1,1,2,1,1,1,白山市,220600,1,―,优,各类人群可正常活动,空气质量令人满意，基本无空气污染,41.9295,126.4148,7
0,2024-06-13T14:00:00,53,1,1,3,1,1,1,松原市,220700,2,臭氧1小时,良,极少数异常敏感人群应减少户外活动,空气质量可接受，但某些污染物可能对极少数异常敏感人群健康有较弱影响,45.1468,124.79855,7
0,2024-06-13T14:00:00,30,1,1,1,1,1,1,白城市,220800,1,―,优,各类人群可正常活动,空气质量令人满意，基本无空气污染,45.5901,122.83245,7
0,2024-06-13T14:00:00,32,1,1,1,1,1,1,延边朝鲜族自治州,222400,1,―,优,各类人群可正常活动,空气质量令人满意，基本无空气污染,42.8957333333333,129.4573,7
0,2024-06-13T14:00:00,25,1,1,1,1,1,1,哈尔滨市,230100,1,―,优,各类人群可正常活动,空气质量令人满意，基本无空气污染,45.7384166666667,126.646241666667,8
0,2024-06-13T14:00:00,21,1,1,1,1,1,1,齐齐哈尔市,230200,1,―,优,各类人群可正常活动,空气质量令人满意，基本无空气污染,47.30624,123.88118,8
0,2024-06-13T14:00:00,19,1,1,1,1,1,1,鸡西市,230300,1,―,优,各类人群可正常活动,空气质量令人满意，基本无空气污染,45.305475,130.984125,8
0,2024-06-13T14:00:00,23,1,1,1,1,1,1,鹤岗市,230400,1,―,优,各类人群可正常活动,空气质量令人满意，基本无空气污染,47.3318,130.2358,8
0,2024-06-13T14:00:00,22,1,1,1,1,1,1,双鸭山市,230500,1,―,优,各类人群可正常活动,空气质量令人满意，基本无空气污染,46.63345,131.147175,8
0,2024-06-13T14:00:00,32,1,1,1,1,1,1,大庆市,230600,1,―,优,各类人群可正常活动,空气质量令人满意，基本无空气污染,46.46898,125.006728333333,8
0,2024-06-13T14:00:00,22,1,1,1,1,1,1,伊春市,230700,1,―,优,各类人群可正常活动,空气质量令人满意，基本无空气污染,47.7577,128.867157142857,8
0,2024-06-13T14:00:00,28,1,1,1,1,1,1,佳木斯市,230800,1,―,优,各类人群可正常活动,空气质量令人满意，基本无空气污染,46.7986,130.34892,8
0,2024-06-13T14:00:00,22,1,1,1,1,1,1,七台河市,230900,1,―,优,各类人群可正常活动,空气质量令人满意，基本无空气污染,45.815325,131.0013,8
0,2024-06-13T14:00:00,21,1,1,1,1,1,1,牡丹江市,231000,1,―,优,各类人群可正常活动,空气质量令人满意，基本无空气污染,44.57784,129.61738,8
0,2024-06-13T14:00:00,27,1,1,1,1,1,1,黑河市,231100,1,―,优,各类人群可正常活动,空气质量令人满意，基本无空气污染,50.2445666666667,127.508933333333,8
0,2024-06-13T14:00:00,20,1,1,1,1,1,1,绥化市,231200,1,―,优,各类人群可正常活动,空气质量令人满意，基本无空气污染,46.64465,126.97125,8
0,2024-06-13T14:00:00,25,1,1,1,1,1,1,大兴安岭地区,232700,1,―,优,各类人群可正常活动,空气质量令人满意，基本无空气污染,50.41875,124.11165,8
0,2024-06-13T14:00:00,52,1,1,2,1,2,1,上海市,310000,2,细颗粒物(PM2.5),良,极少数异常敏感人群应减少户外活动,空气质量可接受，但某些污染物可能对极少数异常敏感人群健康有较弱影响,31.1743894736842,121.482968421053,9
0,2024-06-13T14:00:00,107,1,1,3,1,1,1,南京市,320100,3,臭氧1小时,轻度污染,儿童、老年人及心脏病、呼吸系统疾病患者应减少长时间、高强度的户外锻炼,易感人群症状有轻度加剧，健康人群出现刺激症状,31.9844153846154,118.816069230769,10
0,2024-06-13T14:00:00,110,1,1,4,1,1,1,无锡市,320200,3,臭氧1小时,轻度污染,儿童、老年人及心脏病、呼吸系统疾病患者应减少长时间、高强度的户外锻炼,易感人群症状有轻度加剧，健康人群出现刺激症状,31.5584,120.293455555556,10
0,2024-06-13T14:00:00,116,1,1,4,2,1,1,徐州市,320300,3,臭氧1小时,轻度污染,儿童、老年人及心脏病、呼吸系统疾病患者应减少长时间、高强度的户外锻炼,易感人群症状有轻度加剧，健康人群出现刺激症状,34.276125,117.2487875,10
0,2024-06-13T14:00:00,135,1,1,5,1,2,1,常州市,320400,3,臭氧1小时,轻度污染,儿童、老年人及心脏病、呼吸系统疾病患者应减少长时间、高强度的户外锻炼,易感人群症状有轻度加剧，健康人群出现刺激症状,31.7746625,119.90165,10
0,2024-06-13T14:00:00,112,1,1,4,1,1,1,苏州市,320500,3,臭氧1小时,轻度污染,儿童、老年人及心脏病、呼吸系统疾病患者应减少长时间、高强度的户外锻炼,易感人群症状有轻度加剧，健康人群出现刺激症状,31.3010181818182,120.612236363636,10
0,2024-06-13T14:00:00,100,1,1,3,2,1,1,南通市,320600,2,臭氧1小时,良,极少数异常敏感人群应减少户外活动,空气质量可接受，但某些污染物可能对极少数异常敏感人群健康有较弱影响,32.0012571428571,120.913085714286,10
0,2024-06-13T14:00:00,87,1,1,3,2,1,1,连云港市,320700,2,臭氧1小时,良,极少数异常敏感人群应减少户外活动,空气质量可接受，但某些污染物可能对极少数异常敏感人群健康有较弱影响,34.6943857142857,119.268457142857,10
0,2024-06-13T14:00:00,114,1,1,4,2,1,1,淮安市,320800,3,臭氧1小时,轻度污染,儿童、老年人及心脏病、呼吸系统疾病患者应减少长时间、高强度的户外锻炼,易感人群症状有轻度加剧，健康人群出现刺激症状,33.5338,119.010183333333,10
0,2024-06-13T14:00:00,84,1,1,3,2,1,1,盐城市,320900,2,臭氧1小时,良,极少数异常敏感人群应减少户外活动,空气质量可接受，但某些污染物可能对极少数异常敏感人群健康有较弱影响,33.3474,120.203466666667,10
0,2024-06-13T14:00:00,123,1,1,4,2,1,1,扬州市,321000,3,臭氧1小时,轻度污染,儿童、老年人及心脏病、呼吸系统疾病患者应减少长时间、高强度的户外锻炼,易感人群症状有轻度加剧，健康人群出现刺激症状,32.40104,119.44664,10
0,2024-06-13T14:00:00,115,1,1,4,1,1,1,镇江市,321100,3,臭氧1小时,轻度污染,儿童、老年人及心脏病、呼吸系统疾病患者应减少长时间、高强度的户外锻炼,易感人群症状有轻度加剧，健康人群出现刺激症状,32.1804,119.485,10
0,2024-06-13T14:00:00,110,1,1,4,2,1,1,泰州市,321200,3,臭氧1小时,轻度污染,儿童、老年人及心脏病、呼吸系统疾病患者应减少长时间、高强度的户外锻炼,易感人群症状有轻度加剧，健康人群出现刺激症状,32.4475333333333,119.93895,10
0,2024-06-13T14:00:00,108,1,1,4,2,1,1,宿迁市,321300,3,臭氧1小时,轻度污染,儿童、老年人及心脏病、呼吸系统疾病患者应减少长时间、高强度的户外锻炼,易感人群症状有轻度加剧，健康人群出现刺激症状,33.955425,118.285675,10
0,2024-06-13T14:00:00,92,1,1,3,1,1,1,杭州市,330100,2,臭氧1小时,良,极少数异常敏感人群应减少户外活动,空气质量可接受，但某些污染物可能对极少数异常敏感人群健康有较弱影响,30.2484416666667,120.127808333333,11
0,2024-06-13T14:00:00,108,1,1,3,1,1,1,宁波市,330200,3,臭氧1小时,轻度污染,儿童、老年人及心脏病、呼吸系统疾病患者应减少长时间、高强度的户外锻炼,易感人群症状有轻度加剧，健康人群出现刺激症状,29.87395,121.6281875,11
0,2024-06-13T14:00:00,25,1,1,1,1,1,1,温州市,330300,1,―,优,各类人群可正常活动,空气质量令人满意，基本无空气污染,27.98386,120.68764,11
0,2024-06-13T14:00:00,112,1,1,4,1,1,1,嘉兴市,330400,3,臭氧1小时,轻度污染,儿童、老年人及心脏病、呼吸系统疾病患者应减少长时间、高强度的户外锻炼,易感人群症状有轻度加剧，健康人群出现刺激症状,30.76305,120.73645,11
0,2024-06-13T14:00:00,103,1,1,3,1,1,1,湖州市,330500,3,臭氧1小时,轻度污染,儿童、老年人及心脏病、呼吸系统疾病患者应减少长时间、高强度的户外锻炼,易感人群症状有轻度加剧，健康人群出现刺激症状,30.86895,120.19045,11
0,2024-06-13T14:00:00,33,1,1,2,1,1,1,衢州市,330800,1,―,优,各类人群可正常活动,空气质量令人满意，基本无空气污染,28.9624,118.8674,11
0,2024-06-13T14:00:00,29,1,1,1,1,1,1,舟山市,330900,1,―,优,各类人群可正常活动,空气质量令人满意，基本无空气污染,29.9922,122.2081,11
0,2024-06-13T14:00:00,45,1,1,2,1,1,1,台州市,331000,1,―,优,各类人群可正常活动,空气质量令人满意，基本无空气污染,28.636375,121.33145,11
0,2024-06-13T14:00:00,27,1,1,1,1,1,1,丽水市,331100,1,―,优,各类人群可正常活动,空气质量令人满意，基本无空气污染,28.4443666666667,119.907666666667,11
0,2024-06-13T14:00:00,48,1,1,2,1,1,1,合肥市,340100,1,―,优,各类人群可正常活动,空气质量令人满意，基本无空气污染,31.8533,117.260609090909,12
0,2024-06-13T14:00:00,74,1,1,3,1,1,1,芜湖市,340200,2,臭氧1小时,良,极少数异常敏感人群应减少户外活动,空气质量可接受，但某些污染物可能对极少数异常敏感人群健康有较弱影响,31.3340333333333,118.378816666667,12
0,2024-06-13T14:00:00,97,1,1,3,1,1,1,蚌埠市,340300,2,臭氧1小时,良,极少数异常敏感人群应减少户外活动,空气质量可接受，但某些污染物可能对极少数异常敏感人群健康有较弱影响,32.9282,117.358666666667,12
0,2024-06-13T14:00:00,95,1,1,3,1,1,1,淮南市,340400,2,臭氧1小时,良,极少数异常敏感人群应减少户外活动,空气质量可接受，但某些污染物可能对极少数异常敏感人群健康有较弱影响,32.6451,116.888871428571,12
0,2024-06-13T14:00:00,101,1,1,3,2,1,1,马鞍山市,340500,3,臭氧1小时,轻度污染,儿童、老年人及心脏病、呼吸系统疾病患者应减少长时间、高强度的户外锻炼,易感人群症状有轻度加剧，健康人群出现刺激症状,31.69134,118.53014,12
0,2024-06-13T14:00:00,119,1,1,4,2,1,1,淮北市,340600,3,臭氧1小时,轻度污染,儿童、老年人及心脏病、呼吸系统疾病患者应减少长时间、高强度的户外锻炼,易感人群症状有轻度加剧，健康人群出现刺激症状,33.9532,116.822275,12
0,2024-06-13T14:00:00,46,1,1,2,1,1,1,铜陵市,340700,1,―,优,各类人群可正常活动,空气质量令人满意，基本无空气污染,30.9333833333333,117.807083333333,12
0,2024-06-13T14:00:00,43,1,1,2,1,1,1,安庆市,340800,1,―,优,各类人群可正常活动,空气质量令人满意，基本无空气污染,30.5448,117.04085,12
0,2024-06-13T14:00:00,36,1,1,2,1,1,1,黄山市,341000,1,―,优,各类人群可正常活动,空气质量令人满意，基本无空气污染,29.8965666666667,118.251466666667,12
0,2024-06-13T14:00:00,106,1,1,3,1,1,1,滁州市,341100,3,臭氧1小时,轻度污染,儿童、老年人及心脏病、呼吸系统疾病患者应减少长时间、高强度的户外锻炼,易感人群症状有轻度加剧，健康人群出现刺激症状,32.290275,118.31805,12
0,2024-06-13T14:00:00,88,1,1,3,2,1,1,阜阳市,341200,2,臭氧1小时,良,极少数异常敏感人群应减少户外活动,空气质量可接受，但某些污染物可能对极少数异常敏感人群健康有较弱影响,32.88444,115.81864,12
0,2024-06-13T14:00:00,115,1,1,4,2,1,1,宿州市,341300,3,臭氧1小时,轻度污染,儿童、老年人及心脏病、呼吸系统疾病患者应减少长时间、高强度的户外锻炼,易感人群症状有轻度加剧，健康人群出现刺激症状,33.628175,116.968725,12
0,2024-06-13T14:00:00,50,1,1,2,1,1,1,六安市,341500,1,―,优,各类人群可正常活动,空气质量令人满意，基本无空气污染,31.7701,116.5095,12
0,2024-06-13T14:00:00,92,1,1,3,1,1,1,亳州市,341600,2,臭氧1小时,良,极少数异常敏感人群应减少户外活动,空气质量可接受，但某些污染物可能对极少数异常敏感人群健康有较弱影响,33.8317,115.783133333333,12
0,2024-06-13T14:00:00,49,1,1,2,1,1,1,池州市,341700,1,―,优,各类人群可正常活动,空气质量令人满意，基本无空气污染,30.6607,117.507075,12
0,2024-06-13T14:00:00,50,1,1,2,1,1,1,宣城市,341800,1,―,优,各类人群可正常活动,空气质量令人满意，基本无空气污染,30.944125,118.746575,12
0,2024-06-13T14:00:00,32,1,1,1,1,1,1,福州市,350100,1,―,优,各类人群可正常活动,空气质量令人满意，基本无空气污染,26.0598428571429,119.376771428571,13
0,2024-06-13T14:00:00,27,1,1,1,1,1,1,厦门市,350200,1,―,优,各类人群可正常活动,空气质量令人满意，基本无空气污染,24.5895166666667,118.1195,13
0,2024-06-13T14:00:00,51,1,1,2,2,1,1,莆田市,350300,2,颗粒物(PM10),良,极少数异常敏感人群应减少户外活动,空气质量可接受，但某些污染物可能对极少数异常敏感人群健康有较弱影响,25.42892,119.04196,13
0,2024-06-13T14:00:00,17,1,1,1,1,1,1,三明市,350400,1,―,优,各类人群可正常活动,空气质量令人满意，基本无空气污染,26.270625,117.6466,13
0,2024-06-13T14:00:00,35,1,1,2,1,1,1,泉州市,350500,1,―,优,各类人群可正常活动,空气质量令人满意，基本无空气污染,24.92774,118.61808,13
0,2024-06-13T14:00:00,29,1,1,1,1,1,1,漳州市,350600,1,―,优,各类人群可正常活动,空气质量令人满意，基本无空气污染,24.505775,116.90925,13
0,2024-06-13T14:00:00,10,1,1,1,1,1,1,南平市,350700,1,―,优,各类人群可正常活动,空气质量令人满意，基本无空气污染,26.647275,118.1557,13
0,2024-06-13T14:00:00,21,1,1,1,1,1,1,龙岩市,350800,1,―,优,各类人群可正常活动,空气质量令人满意，基本无空气污染,25.079525,117.0215,13
0,2024-06-13T14:00:00,34,1,1,1,1,1,1,宁德市,350900,1,―,优,各类人群可正常活动,空气质量令人满意，基本无空气污染,26.6706666666667,119.520666666667,13
0,2024-06-13T14:00:00,30,1,1,1,1,1,1,南昌市,360100,1,―,优,各类人群可正常活动,空气质量令人满意，基本无空气污染,28.6945888888889,115.876933333333,14
0,2024-06-13T14:00:00,28,1,1,1,1,1,1,景德镇市,360200,1,―,优,各类人群可正常活动,空气质量令人满意，基本无空气污染,29.30324,117.22242,14
0,2024-06-13T14:00:00,16,1,1,1,1,1,1,萍乡市,360300,1,―,优,各类人群可正常活动,空气质量令人满意，基本无空气污染,27.60644,113.90422,14
0,2024-06-13T14:00:00,34,1,1,2,1,1,1,九江市,360400,1,―,优,各类人群可正常活动,空气质量令人满意，基本无空气污染,29.6746,115.9920875,14
0,2024-06-13T14:00:00,34,1,1,1,1,1,1,新余市,360500,1,―,优,各类人群可正常活动,空气质量令人满意，基本无空气污染,27.842,114.9687,14
0,2024-06-13T14:00:00,37,1,1,2,1,1,1,鹰潭市,360600,1,―,优,各类人群可正常活动,空气质量令人满意，基本无空气污染,28.21296,117.01872,14
0,2024-06-13T14:00:00,24,1,1,1,1,1,1,赣州市,360700,1,―,优,各类人群可正常活动,空气质量令人满意，基本无空气污染,25.86185,114.936083333333,14
0,2024-06-13T14:00:00,28,1,1,1,1,1,1,吉安市,360800,1,―,优,各类人群可正常活动,空气质量令人满意，基本无空气污染,27.10205,114.985125,14
0,2024-06-13T14:00:00,21,1,1,1,1,1,1,宜春市,360900,1,―,优,各类人群可正常活动,空气质量令人满意，基本无空气污染,27.8470166666667,114.38915,14
0,2024-06-13T14:00:00,19,1,1,1,1,1,1,抚州市,361000,1,―,优,各类人群可正常活动,空气质量令人满意，基本无空气污染,27.99858,116.333,14
0,2024-06-13T14:00:00,32,1,1,1,1,1,1,上饶市,361100,1,―,优,各类人群可正常活动,空气质量令人满意，基本无空气污染,28.44704,118.00496,14
0,2024-06-13T14:00:00,111,1,1,4,2,1,1,济南市,370100,3,臭氧1小时,轻度污染,儿童、老年人及心脏病、呼吸系统疾病患者应减少长时间、高强度的户外锻炼,易感人群症状有轻度加剧，健康人群出现刺激症状,36.5800428571429,117.19705,15
0,2024-06-13T14:00:00,29,1,1,1,1,1,1,青岛市,370200,1,―,优,各类人群可正常活动,空气质量令人满意，基本无空气污染,36.1226545454546,120.371672727273,15
0,2024-06-13T14:00:00,115,1,1,4,2,1,1,淄博市,370300,3,臭氧1小时,轻度污染,儿童、老年人及心脏病、呼吸系统疾病患者应减少长时间、高强度的户外锻炼,易感人群症状有轻度加剧，健康人群出现刺激症状,36.7471857142857,118.006,15
0,2024-06-13T14:00:00,127,1,1,4,2,1,1,枣庄市,370400,3,臭氧1小时,轻度污染,儿童、老年人及心脏病、呼吸系统疾病患者应减少长时间、高强度的户外锻炼,易感人群症状有轻度加剧，健康人群出现刺激症状,34.81155,117.487166666667,15
0,2024-06-13T14:00:00,125,1,1,4,2,1,1,东营市,370500,3,臭氧1小时,轻度污染,儿童、老年人及心脏病、呼吸系统疾病患者应减少长时间、高强度的户外锻炼,易感人群症状有轻度加剧，健康人群出现刺激症状,37.5022,118.546166666667,15
0,2024-06-13T14:00:00,40,1,1,2,1,1,1,烟台市,370600,1,―,优,各类人群可正常活动,空气质量令人满意，基本无空气污染,37.4949571428571,121.395728571429,15
0,2024-06-13T14:00:00,124,1,1,4,2,1,1,潍坊市,370700,3,臭氧1小时,轻度污染,儿童、老年人及心脏病、呼吸系统疾病患者应减少长时间、高强度的户外锻炼,易感人群症状有轻度加剧，健康人群出现刺激症状,36.7079333333333,119.1573,15
0,2024-06-13T14:00:00,109,1,1,4,2,1,1,济宁市,370800,3,臭氧1小时,轻度污染,儿童、老年人及心脏病、呼吸系统疾病患者应减少长时间、高强度的户外锻炼,易感人群症状有轻度加剧，健康人群出现刺激症状,35.43396,116.63424,15
0,2024-06-13T14:00:00,110,1,1,4,2,1,1,泰安市,370900,3,臭氧1小时,轻度污染,儿童、老年人及心脏病、呼吸系统疾病患者应减少长时间、高强度的户外锻炼,易感人群症状有轻度加剧，健康人群出现刺激症状,36.1884166666667,117.106083333333,15
0,2024-06-13T14:00:00,28,1,1,1,1,1,1,威海市,371000,1,―,优,各类人群可正常活动,空气质量令人满意，基本无空气污染,37.40264,122.09722,15
0,2024-06-13T14:00:00,36,1,1,2,1,1,1,日照市,371100,1,―,优,各类人群可正常活动,空气质量令人满意，基本无空气污染,35.36276,119.48242,15
0,2024-06-13T14:00:00,127,1,1,4,2,1,1,临沂市,371300,3,臭氧1小时,轻度污染,儿童、老年人及心脏病、呼吸系统疾病患者应减少长时间、高强度的户外锻炼,易感人群症状有轻度加剧，健康人群出现刺激症状,35.0511142857143,118.345957142857,15
0,2024-06-13T14:00:00,118,1,1,4,2,1,1,德州市,371400,3,臭氧1小时,轻度污染,儿童、老年人及心脏病、呼吸系统疾病患者应减少长时间、高强度的户外锻炼,易感人群症状有轻度加剧，健康人群出现刺激症状,37.422,116.3616,15
0,2024-06-13T14:00:00,110,1,1,4,2,1,1,聊城市,371500,3,臭氧1小时,轻度污染,儿童、老年人及心脏病、呼吸系统疾病患者应减少长时间、高强度的户外锻炼,易感人群症状有轻度加剧，健康人群出现刺激症状,36.45324,116.01502,15
0,2024-06-13T14:00:00,117,1,1,4,2,1,1,滨州市,371600,3,臭氧1小时,轻度污染,儿童、老年人及心脏病、呼吸系统疾病患者应减少长时间、高强度的户外锻炼,易感人群症状有轻度加剧，健康人群出现刺激症状,37.42915,117.990383333333,15
0,2024-06-13T14:00:00,98,1,1,3,2,1,1,菏泽市,371700,2,臭氧1小时,良,极少数异常敏感人群应减少户外活动,空气质量可接受，但某些污染物可能对极少数异常敏感人群健康有较弱影响,35.2109,115.480525,15
0,2024-06-13T14:00:00,98,1,1,3,2,1,1,郑州市,410100,2,臭氧1小时,良,极少数异常敏感人群应减少户外活动,空气质量可接受，但某些污染物可能对极少数异常敏感人群健康有较弱影响,34.77330075,113.632341916667,16
0,2024-06-13T14:00:00,93,1,1,3,2,1,1,开封市,410200,2,臭氧1小时,良,极少数异常敏感人群应减少户外活动,空气质量可接受，但某些污染物可能对极少数异常敏感人群健康有较弱影响,34.7946333333333,114.341416666667,16
0,2024-06-13T14:00:00,92,1,1,3,1,1,1,洛阳市,410300,2,臭氧1小时,良,极少数异常敏感人群应减少户外活动,空气质量可接受，但某些污染物可能对极少数异常敏感人群健康有较弱影响,34.67813,112.46396,16
0,2024-06-13T14:00:00,64,1,1,3,1,1,1,平顶山市,410400,2,臭氧1小时,良,极少数异常敏感人群应减少户外活动,空气质量可接受，但某些污染物可能对极少数异常敏感人群健康有较弱影响,33.77892,113.19776,16
0,2024-06-13T14:00:00,121,1,1,4,2,1,1,安阳市,410500,3,臭氧1小时,轻度污染,儿童、老年人及心脏病、呼吸系统疾病患者应减少长时间、高强度的户外锻炼,易感人群症状有轻度加剧，健康人群出现刺激症状,36.0797166666667,114.3924,16
0,2024-06-13T14:00:00,116,1,1,4,2,2,1,鹤壁市,410600,3,臭氧1小时,轻度污染,儿童、老年人及心脏病、呼吸系统疾病患者应减少长时间、高强度的户外锻炼,易感人群症状有轻度加剧，健康人群出现刺激症状,35.80522,114.23446,16
0,2024-06-13T14:00:00,121,1,1,4,2,1,1,新乡市,410700,3,臭氧1小时,轻度污染,儿童、老年人及心脏病、呼吸系统疾病患者应减少长时间、高强度的户外锻炼,易感人群症状有轻度加剧，健康人群出现刺激症状,35.3114142857143,113.893571428571,16
0,2024-06-13T14:00:00,118,1,1,4,2,1,1,焦作市,410800,3,臭氧1小时,轻度污染,儿童、老年人及心脏病、呼吸系统疾病患者应减少长时间、高强度的户外锻炼,易感人群症状有轻度加剧，健康人群出现刺激症状,35.2305428571429,113.238485714286,16
0,2024-06-13T14:00:00,85,1,1,3,2,1,1,濮阳市,410900,2,臭氧1小时,良,极少数异常敏感人群应减少户外活动,空气质量可接受，但某些污染物可能对极少数异常敏感人群健康有较弱影响,35.766675,115.0438,16
0,2024-06-13T14:00:00,85,1,1,3,2,1,1,许昌市,411000,2,臭氧1小时,良,极少数异常敏感人群应减少户外活动,空气质量可接受，但某些污染物可能对极少数异常敏感人群健康有较弱影响,34.04945,113.825533333333,16
0,2024-06-13T14:00:00,84,1,1,3,2,1,1,漯河市,411100,2,臭氧1小时,良,极少数异常敏感人群应减少户外活动,空气质量可接受，但某些污染物可能对极少数异常敏感人群健康有较弱影响,33.5748833333333,114.028,16
0,2024-06-13T14:00:00,62,1,1,3,1,1,1,三门峡市,411200,2,臭氧1小时,良,极少数异常敏感人群应减少户外活动,空气质量可接受，但某些污染物可能对极少数异常敏感人群健康有较弱影响,34.7729,111.157,16
0,2024-06-13T14:00:00,42,1,1,2,1,1,1,南阳市,411300,1,―,优,各类人群可正常活动,空气质量令人满意，基本无空气污染,32.99476,112.5303,16
0,2024-06-13T14:00:00,100,1,1,3,2,1,1,商丘市,411400,2,臭氧1小时,良,极少数异常敏感人群应减少户外活动,空气质量可接受，但某些污染物可能对极少数异常敏感人群健康有较弱影响,34.418575,115.6381,16
0,2024-06-13T14:00:00,41,1,1,2,1,1,1,信阳市,411500,1,―,优,各类人群可正常活动,空气质量令人满意，基本无空气污染,32.1231,114.060975,16
0,2024-06-13T14:00:00,63,1,1,3,2,1,1,周口市,411600,2,颗粒物(PM10),良,极少数异常敏感人群应减少户外活动,空气质量可接受，但某些污染物可能对极少数异常敏感人群健康有较弱影响,33.6215,114.65715,16
0,2024-06-13T14:00:00,46,1,1,2,1,1,1,驻马店市,411700,1,―,优,各类人群可正常活动,空气质量令人满意，基本无空气污染,32.999725,114.007275,16
0,2024-06-13T14:00:00,78,1,1,3,1,1,1,武汉市,420100,2,臭氧1小时,良,极少数异常敏感人群应减少户外活动,空气质量可接受，但某些污染物可能对极少数异常敏感人群健康有较弱影响,30.53815,114.23958,17
0,2024-06-13T14:00:00,45,1,1,2,1,1,1,黄石市,420200,1,―,优,各类人群可正常活动,空气质量令人满意，基本无空气污染,30.20016,115.01896,17
0,2024-06-13T14:00:00,34,1,1,2,1,1,1,十堰市,420300,1,―,优,各类人群可正常活动,空气质量令人满意，基本无空气污染,32.61896,110.8474,17
0,2024-06-13T14:00:00,70,1,1,3,1,1,1,宜昌市,420500,2,臭氧1小时,良,极少数异常敏感人群应减少户外活动,空气质量可接受，但某些污染物可能对极少数异常敏感人群健康有较弱影响,30.68365,111.33615,17
0,2024-06-13T14:00:00,43,1,1,2,1,1,1,襄阳市,420600,1,―,优,各类人群可正常活动,空气质量令人满意，基本无空气污染,32.0646833333333,112.148583333333,17
0,2024-06-13T14:00:00,46,1,1,2,1,1,1,鄂州市,420700,1,―,优,各类人群可正常活动,空气质量令人满意，基本无空气污染,30.3932333333333,114.867366666667,17
0,2024-06-13T14:00:00,43,1,1,2,1,1,1,荆门市,420800,1,―,优,各类人群可正常活动,空气质量令人满意，基本无空气污染,31.02516,112.19354,17
0,2024-06-13T14:00:00,108,1,1,3,1,1,1,孝感市,420900,3,臭氧1小时,轻度污染,儿童、老年人及心脏病、呼吸系统疾病患者应减少长时间、高强度的户外锻炼,易感人群症状有轻度加剧，健康人群出现刺激症状,30.918,113.92865,17
0,2024-06-13T14:00:00,47,1,1,2,1,1,1,荆州市,421000,1,―,优,各类人群可正常活动,空气质量令人满意，基本无空气污染,30.330675,112.2226,17
0,2024-06-13T14:00:00,44,1,1,2,1,1,1,黄冈市,421100,1,―,优,各类人群可正常活动,空气质量令人满意，基本无空气污染,30.4568666666667,114.900733333333,17
0,2024-06-13T14:00:00,36,1,1,2,1,1,1,咸宁市,421200,1,―,优,各类人群可正常活动,空气质量令人满意，基本无空气污染,29.846125,114.314825,17
0,2024-06-13T14:00:00,31,1,1,1,1,1,1,随州市,421300,1,―,优,各类人群可正常活动,空气质量令人满意，基本无空气污染,31.7163666666667,113.379966666667,17
0,2024-06-13T14:00:00,41,1,1,2,1,1,1,恩施土家族苗族自治州,422800,1,―,优,各类人群可正常活动,空气质量令人满意，基本无空气污染,30.3183666666667,109.491533333333,17
0,2024-06-13T14:00:00,36,1,1,2,1,1,1,长沙市,430100,1,―,优,各类人群可正常活动,空气质量令人满意，基本无空气污染,28.20427,112.98208,18
0,2024-06-13T14:00:00,26,1,1,1,1,1,1,株洲市,430200,1,―,优,各类人群可正常活动,空气质量令人满意，基本无空气污染,27.8711571428571,113.157528571429,18
0,2024-06-13T14:00:00,28,1,1,1,1,1,1,湘潭市,430300,1,―,优,各类人群可正常活动,空气质量令人满意，基本无空气污染,27.8762857142857,112.867328571429,18
0,2024-06-13T14:00:00,30,1,1,1,1,1,1,衡阳市,430400,1,―,优,各类人群可正常活动,空气质量令人满意，基本无空气污染,26.8987,112.599685714286,18
0,2024-06-13T14:00:00,28,1,1,1,1,1,1,邵阳市,430500,1,―,优,各类人群可正常活动,空气质量令人满意，基本无空气污染,27.25202,111.48172,18
0,2024-06-13T14:00:00,35,1,1,2,1,1,1,岳阳市,430600,1,―,优,各类人群可正常活动,空气质量令人满意，基本无空气污染,29.4019,113.146083333333,18
0,2024-06-13T14:00:00,33,1,1,2,1,1,1,常德市,430700,1,―,优,各类人群可正常活动,空气质量令人满意，基本无空气污染,29.0372,111.69606,18
0,2024-06-13T14:00:00,31,1,1,1,1,1,1,张家界市,430800,1,―,优,各类人群可正常活动,空气质量令人满意，基本无空气污染,29.2289,110.500675,18
0,2024-06-13T14:00:00,31,1,1,1,1,1,1,益阳市,430900,1,―,优,各类人群可正常活动,空气质量令人满意，基本无空气污染,28.59266,112.36106,18
0,2024-06-13T14:00:00,15,1,1,1,1,1,1,郴州市,431000,1,―,优,各类人群可正常活动,空气质量令人满意，基本无空气污染,25.82236,113.02162,18
0,2024-06-13T14:00:00,21,1,1,1,1,1,1,永州市,431100,1,―,优,各类人群可正常活动,空气质量令人满意，基本无空气污染,26.35018,111.6118,18
0,2024-06-13T14:00:00,25,1,1,1,1,1,1,怀化市,431200,1,―,优,各类人群可正常活动,空气质量令人满意，基本无空气污染,27.5583,109.91162,18
0,2024-06-13T14:00:00,20,1,1,1,1,1,1,娄底市,431300,1,―,优,各类人群可正常活动,空气质量令人满意，基本无空气污染,27.76156,111.98422,18
0,2024-06-13T14:00:00,31,1,1,1,1,1,1,湘西土家族苗族自治州,433100,1,―,优,各类人群可正常活动,空气质量令人满意，基本无空气污染,28.2800666666667,109.6899,18
0,2024-06-13T14:00:00,38,1,1,2,1,1,1,广州市,440100,1,―,优,各类人群可正常活动,空气质量令人满意，基本无空气污染,23.2078047619048,113.411876190476,19
0,2024-06-13T14:00:00,29,1,1,1,1,1,1,韶关市,440200,1,―,优,各类人群可正常活动,空气质量令人满意，基本无空气污染,24.76882,113.60006,19
0,2024-06-13T14:00:00,24,1,1,1,1,1,1,深圳市,440300,1,―,优,各类人群可正常活动,空气质量令人满意，基本无空气污染,22.6070933333333,114.160533333333,19
0,2024-06-13T14:00:00,24,1,1,1,1,1,1,珠海市,440400,1,―,优,各类人群可正常活动,空气质量令人满意，基本无空气污染,22.2202833333333,113.481533333333,19
0,2024-06-13T14:00:00,23,1,1,1,1,1,1,汕头市,440500,1,―,优,各类人群可正常活动,空气质量令人满意，基本无空气污染,23.3220714285714,116.621657142857,19
0,2024-06-13T14:00:00,33,1,1,2,1,1,1,佛山市,440600,1,―,优,各类人群可正常活动,空气质量令人满意，基本无空气污染,22.985625,113.0641375,19
0,2024-06-13T14:00:00,25,1,1,1,1,1,1,江门市,440700,1,―,优,各类人群可正常活动,空气质量令人满意，基本无空气污染,22.55775,113.073616666667,19
0,2024-06-13T14:00:00,26,1,1,1,1,1,1,湛江市,440800,1,―,优,各类人群可正常活动,空气质量令人满意，基本无空气污染,21.23675,110.391183333333,19
0,2024-06-13T14:00:00,31,1,1,1,1,1,1,茂名市,440900,1,―,优,各类人群可正常活动,空气质量令人满意，基本无空气污染,21.59802,110.94758,19
0,2024-06-13T14:00:00,33,1,1,2,1,1,1,肇庆市,441200,1,―,优,各类人群可正常活动,空气质量令人满意，基本无空气污染,23.0992,112.490016666667,19
0,2024-06-13T14:00:00,27,1,1,1,1,1,1,惠州市,441300,1,―,优,各类人群可正常活动,空气质量令人满意，基本无空气污染,22.9090142857143,114.473657142857,19
0,2024-06-13T14:00:00,21,1,1,1,1,1,1,梅州市,441400,1,―,优,各类人群可正常活动,空气质量令人满意，基本无空气污染,24.2912,116.112725,19
0,2024-06-13T14:00:00,20,1,1,1,1,1,1,汕尾市,441500,1,―,优,各类人群可正常活动,空气质量令人满意，基本无空气污染,22.7857666666667,115.366033333333,19
0,2024-06-13T14:00:00,59,1,1,1,2,1,1,河源市,441600,2,颗粒物(PM10),良,极少数异常敏感人群应减少户外活动,空气质量可接受，但某些污染物可能对极少数异常敏感人群健康有较弱影响,23.7462666666667,114.687133333333,19
0,2024-06-13T14:00:00,26,1,1,1,1,1,1,阳江市,441700,1,―,优,各类人群可正常活动,空气质量令人满意，基本无空气污染,21.873675,111.97945,19
0,2024-06-13T14:00:00,39,1,1,2,1,1,1,清远市,441800,1,―,优,各类人群可正常活动,空气质量令人满意，基本无空气污染,23.69922,113.03548,19
0,2024-06-13T14:00:00,38,1,1,2,1,1,1,东莞市,441900,1,―,优,各类人群可正常活动,空气质量令人满意，基本无空气污染,23.022,113.760333333333,19
0,2024-06-13T14:00:00,26,1,1,1,1,1,1,中山市,442000,1,―,优,各类人群可正常活动,空气质量令人满意，基本无空气污染,22.50904,113.39328,19
0,2024-06-13T14:00:00,35,1,1,1,1,1,1,潮州市,445100,1,―,优,各类人群可正常活动,空气质量令人满意，基本无空气污染,23.6696,116.6337,19
0,2024-06-13T14:00:00,38,1,1,1,1,1,1,揭阳市,445200,1,―,优,各类人群可正常活动,空气质量令人满意，基本无空气污染,23.54814,116.37514,19
0,2024-06-13T14:00:00,23,1,1,1,1,1,1,云浮市,445300,1,―,优,各类人群可正常活动,空气质量令人满意，基本无空气污染,22.9360666666667,112.042233333333,19
0,2024-06-13T14:00:00,34,1,1,1,1,1,1,南宁市,450100,1,―,优,各类人群可正常活动,空气质量令人满意，基本无空气污染,22.7974111111111,108.338177777778,20
0,2024-06-13T14:00:00,34,1,1,1,1,1,1,柳州市,450200,1,―,优,各类人群可正常活动,空气质量令人满意，基本无空气污染,24.3466285714286,109.451428571429,20
0,2024-06-13T14:00:00,15,1,1,1,1,1,1,桂林市,450300,1,―,优,各类人群可正常活动,空气质量令人满意，基本无空气污染,25.2397333333333,110.294083333333,20
0,2024-06-13T14:00:00,44,1,1,1,1,1,1,梧州市,450400,1,―,优,各类人群可正常活动,空气质量令人满意，基本无空气污染,23.46625,111.28585,20
0,2024-06-13T14:00:00,29,1,1,1,1,1,1,北海市,450500,1,―,优,各类人群可正常活动,空气质量令人满意，基本无空气污染,21.4855,109.16736,20
0,2024-06-13T14:00:00,29,1,1,1,1,1,1,防城港市,450600,1,―,优,各类人群可正常活动,空气质量令人满意，基本无空气污染,21.6767666666667,108.3477,20
0,2024-06-13T14:00:00,33,1,1,2,1,1,1,钦州市,450700,1,―,优,各类人群可正常活动,空气质量令人满意，基本无空气污染,21.9053,108.618325,20
0,2024-06-13T14:00:00,30,1,1,1,1,1,1,贵港市,450800,1,―,优,各类人群可正常活动,空气质量令人满意，基本无空气污染,23.10658,109.58592,20
0,2024-06-13T14:00:00,25,1,1,1,1,1,1,玉林市,450900,1,―,优,各类人群可正常活动,空气质量令人满意，基本无空气污染,22.64636,110.13372,20
0,2024-06-13T14:00:00,50,1,1,2,1,1,1,百色市,451000,1,―,优,各类人群可正常活动,空气质量令人满意，基本无空气污染,23.8889333333333,106.6242,20
0,2024-06-13T14:00:00,23,1,1,1,1,1,1,贺州市,451100,1,―,优,各类人群可正常活动,空气质量令人满意，基本无空气污染,24.4267666666667,111.520533333333,20
0,2024-06-13T14:00:00,19,1,1,1,1,1,1,河池市,451200,1,―,优,各类人群可正常活动,空气质量令人满意，基本无空气污染,24.7028666666667,108.116366666667,20
0,2024-06-13T14:00:00,27,1,1,1,1,1,1,来宾市,451300,1,―,优,各类人群可正常活动,空气质量令人满意，基本无空气污染,23.7338,109.213333333333,20
0,2024-06-13T14:00:00,32,1,1,1,1,1,1,崇左市,451400,1,―,优,各类人群可正常活动,空气质量令人满意，基本无空气污染,22.39215,107.3589,20
0,2024-06-13T14:00:00,24,1,1,1,1,1,1,海口市,460100,1,―,优,各类人群可正常活动,空气质量令人满意，基本无空气污染,20.00325,110.39355,21
0,2024-06-13T14:00:00,27,1,1,1,1,1,1,三亚市,460200,1,―,优,各类人群可正常活动,空气质量令人满意，基本无空气污染,18.2871,109.579666666667,21
0,2024-06-13T14:00:00,89,1,1,3,1,1,1,成都市,510100,2,臭氧1小时,良,极少数异常敏感人群应减少户外活动,空气质量可接受，但某些污染物可能对极少数异常敏感人群健康有较弱影响,30.6501992857143,104.067842857143,23
0,2024-06-13T14:00:00,49,1,1,2,1,1,1,自贡市,510300,1,―,优,各类人群可正常活动,空气质量令人满意，基本无空气污染,29.33965,104.76225,23
0,2024-06-13T14:00:00,38,1,1,2,1,1,1,攀枝花市,510400,1,―,优,各类人群可正常活动,空气质量令人满意，基本无空气污染,26.56332,101.6885,23
0,2024-06-13T14:00:00,58,1,1,2,2,2,1,泸州市,510500,2,颗粒物(PM10),良,极少数异常敏感人群应减少户外活动,空气质量可接受，但某些污染物可能对极少数异常敏感人群健康有较弱影响,28.87612,105.41976,23
0,2024-06-13T14:00:00,95,1,1,3,1,1,1,德阳市,510600,2,臭氧1小时,良,极少数异常敏感人群应减少户外活动,空气质量可接受，但某些污染物可能对极少数异常敏感人群健康有较弱影响,31.1215,104.390925,23
0,2024-06-13T14:00:00,50,1,1,2,1,1,1,绵阳市,510700,1,―,优,各类人群可正常活动,空气质量令人满意，基本无空气污染,31.4947333333333,104.697883333333,23
0,2024-06-13T14:00:00,45,1,1,2,1,1,1,广元市,510800,1,―,优,各类人群可正常活动,空气质量令人满意，基本无空气污染,32.4358,105.84575,23
0,2024-06-13T14:00:00,43,1,1,2,1,1,1,遂宁市,510900,1,―,优,各类人群可正常活动,空气质量令人满意，基本无空气污染,30.5251,105.57035,23
0,2024-06-13T14:00:00,55,1,1,3,1,1,1,内江市,511000,2,臭氧1小时,良,极少数异常敏感人群应减少户外活动,空气质量可接受，但某些污染物可能对极少数异常敏感人群健康有较弱影响,29.59215,105.061975,23
0,2024-06-13T14:00:00,49,1,1,2,1,1,1,乐山市,511100,1,―,优,各类人群可正常活动,空气质量令人满意，基本无空气污染,29.57208,103.7548,23
0,2024-06-13T14:00:00,42,1,1,2,1,1,1,南充市,511300,1,―,优,各类人群可正常活动,空气质量令人满意，基本无空气污染,30.8030666666667,106.086216666667,23
0,2024-06-13T14:00:00,55,1,1,3,1,2,1,眉山市,511400,2,臭氧1小时,良,极少数异常敏感人群应减少户外活动,空气质量可接受，但某些污染物可能对极少数异常敏感人群健康有较弱影响,30.0665,103.889825,23
0,2024-06-13T14:00:00,45,1,1,2,1,1,1,宜宾市,511500,1,―,优,各类人群可正常活动,空气质量令人满意，基本无空气污染,28.7736666666667,104.613633333333,23
0,2024-06-13T14:00:00,43,1,1,2,1,1,1,广安市,511600,1,―,优,各类人群可正常活动,空气质量令人满意，基本无空气污染,30.47866,106.63242,23
0,2024-06-13T14:00:00,51,1,1,2,2,1,1,达州市,511700,2,颗粒物(PM10),良,极少数异常敏感人群应减少户外活动,空气质量可接受，但某些污染物可能对极少数异常敏感人群健康有较弱影响,31.2251,107.50154,23
0,2024-06-13T14:00:00,41,1,1,2,1,1,1,雅安市,511800,1,―,优,各类人群可正常活动,空气质量令人满意，基本无空气污染,29.9941,103.023675,23
0,2024-06-13T14:00:00,40,1,1,1,1,1,1,巴中市,511900,1,―,优,各类人群可正常活动,空气质量令人满意，基本无空气污染,31.858425,106.759175,23
0,2024-06-13T14:00:00,50,1,1,2,1,1,1,资阳市,512000,1,―,优,各类人群可正常活动,空气质量令人满意，基本无空气污染,30.13326,104.64054,23
0,2024-06-13T14:00:00,25,1,1,1,1,1,1,阿坝藏族羌族自治州,513200,1,―,优,各类人群可正常活动,空气质量令人满意，基本无空气污染,31.902,102.2182,23
0,2024-06-13T14:00:00,34,1,1,2,1,1,1,甘孜藏族自治州,513300,1,―,优,各类人群可正常活动,空气质量令人满意，基本无空气污染,30.02235,101.9568,23
0,2024-06-13T14:00:00,41,1,1,2,1,1,1,凉山彝族自治州,513400,1,―,优,各类人群可正常活动,空气质量令人满意，基本无空气污染,27.86518,102.27664,23
0,2024-06-13T14:00:00,34,1,1,2,1,1,1,贵阳市,520100,1,―,优,各类人群可正常活动,空气质量令人满意，基本无空气污染,26.5398,106.70158,24
0,2024-06-13T14:00:00,34,1,1,1,1,1,1,六盘水市,520200,1,―,优,各类人群可正常活动,空气质量令人满意，基本无空气污染,26.58296,104.86438,24
0,2024-06-13T14:00:00,46,1,1,2,1,1,1,遵义市,520300,1,―,优,各类人群可正常活动,空气质量令人满意，基本无空气污染,27.66665,106.905433333333,24
0,2024-06-13T14:00:00,30,1,1,1,1,1,1,安顺市,520400,1,―,优,各类人群可正常活动,空气质量令人满意，基本无空气污染,26.252175,105.9359,24
0,2024-06-13T14:00:00,34,1,1,2,1,1,1,铜仁市,522200,1,―,优,各类人群可正常活动,空气质量令人满意，基本无空气污染,27.7144,109.1796,24
0,2024-06-13T14:00:00,16,1,1,1,1,1,1,黔西南布依族苗族自治州,522300,1,―,优,各类人群可正常活动,空气质量令人满意，基本无空气污染,25.09585,104.89165,24
0,2024-06-13T14:00:00,31,1,1,1,1,1,1,毕节市,522400,1,―,优,各类人群可正常活动,空气质量令人满意，基本无空气污染,27.3200666666667,105.319833333333,24
0,2024-06-13T14:00:00,29,1,1,1,1,1,1,黔东南苗族侗族自治州,522600,1,―,优,各类人群可正常活动,空气质量令人满意，基本无空气污染,26.5529,107.93455,24
0,2024-06-13T14:00:00,17,1,1,1,1,1,1,黔南布依族苗族自治州,522700,1,―,优,各类人群可正常活动,空气质量令人满意，基本无空气污染,26.26905,107.52015,24
0,2024-06-13T14:00:00,20,1,1,1,1,1,1,昆明市,530100,1,―,优,各类人群可正常活动,空气质量令人满意，基本无空气污染,24.9606727272727,102.713745454545,25
0,2024-06-13T14:00:00,27,1,1,1,1,1,1,曲靖市,530300,1,―,优,各类人群可正常活动,空气质量令人满意，基本无空气污染,25.507,103.7822,25
0,2024-06-13T14:00:00,19,1,1,1,1,1,1,玉溪市,530400,1,―,优,各类人群可正常活动,空气质量令人满意，基本无空气污染,24.3601,102.550666666667,25
0,2024-06-13T14:00:00,50,1,1,1,1,1,1,保山市,530500,1,―,优,各类人群可正常活动,空气质量令人满意，基本无空气污染,25.12045,99.16945,25
0,2024-06-13T14:00:00,34,1,1,2,1,1,1,昭通市,530600,1,―,优,各类人群可正常活动,空气质量令人满意，基本无空气污染,27.35485,103.7446,25
0,2024-06-13T14:00:00,24,1,1,1,1,1,1,丽江市,530700,1,―,优,各类人群可正常活动,空气质量令人满意，基本无空气污染,26.8761333333333,100.2281,25
0,2024-06-13T14:00:00,16,1,1,1,1,1,1,普洱市,530800,1,―,优,各类人群可正常活动,空气质量令人满意，基本无空气污染,22.79775,100.98085,25
0,2024-06-13T14:00:00,18,1,1,1,1,1,1,临沧市,530900,1,―,优,各类人群可正常活动,空气质量令人满意，基本无空气污染,23.8902,100.08375,25
0,2024-06-13T14:00:00,42,1,1,2,1,1,1,拉萨市,540100,1,―,优,各类人群可正常活动,空气质量令人满意，基本无空气污染,29.6526166666667,91.097,26
0,2024-06-13T14:00:00,34,1,1,2,1,1,1,昌都市,542100,1,―,优,各类人群可正常活动,空气质量令人满意，基本无空气污染,31.13395,97.176,26
0,2024-06-13T14:00:00,37,1,1,2,1,1,1,山南市,542200,1,―,优,各类人群可正常活动,空气质量令人满意，基本无空气污染,29.23745,91.7657,26
0,2024-06-13T14:00:00,39,1,1,2,1,1,1,日喀则市,542300,1,―,优,各类人群可正常活动,空气质量令人满意，基本无空气污染,29.2572,88.88285,26
0,2024-06-13T14:00:00,42,1,1,2,1,1,1,那曲市,542400,1,―,优,各类人群可正常活动,空气质量令人满意，基本无空气污染,31.48215,92.05815,26
0,2024-06-13T14:00:00,97,1,1,3,1,1,1,阿里地区,542500,2,臭氧1小时,良,极少数异常敏感人群应减少户外活动,空气质量可接受，但某些污染物可能对极少数异常敏感人群健康有较弱影响,32.5014,80.1032,26
0,2024-06-13T14:00:00,25,1,1,1,1,1,1,林芝市,542600,1,―,优,各类人群可正常活动,空气质量令人满意，基本无空气污染,29.6496,94.36485,26
0,2024-06-13T14:00:00,110,1,1,4,2,1,1,西安市,610100,3,臭氧1小时,轻度污染,儿童、老年人及心脏病、呼吸系统疾病患者应减少长时间、高强度的户外锻炼,易感人群症状有轻度加剧，健康人群出现刺激症状,34.2805714285714,108.955928571429,27
0,2024-06-13T14:00:00,80,1,1,3,2,1,1,铜川市,610200,2,臭氧1小时,良,极少数异常敏感人群应减少户外活动,空气质量可接受，但某些污染物可能对极少数异常敏感人群健康有较弱影响,34.987025,109.006,27
0,2024-06-13T14:00:00,43,1,1,2,1,1,1,宝鸡市,610300,1,―,优,各类人群可正常活动,空气质量令人满意，基本无空气污染,34.3460625,107.1928875,27
0,2024-06-13T14:00:00,92,1,1,3,2,1,1,咸阳市,610400,2,臭氧1小时,良,极少数异常敏感人群应减少户外活动,空气质量可接受，但某些污染物可能对极少数异常敏感人群健康有较弱影响,34.3555,108.683,27
0,2024-06-13T14:00:00,120,1,1,4,2,1,1,渭南市,610500,3,臭氧1小时,轻度污染,儿童、老年人及心脏病、呼吸系统疾病患者应减少长时间、高强度的户外锻炼,易感人群症状有轻度加剧，健康人群出现刺激症状,34.498275,109.47905,27
0,2024-06-13T14:00:00,45,1,1,2,1,1,1,延安市,610600,1,―,优,各类人群可正常活动,空气质量令人满意，基本无空气污染,36.604875,109.468925,27
0,2024-06-13T14:00:00,47,1,1,2,1,1,1,汉中市,610700,1,―,优,各类人群可正常活动,空气质量令人满意，基本无空气污染,33.100225,107.00515,27
0,2024-06-13T14:00:00,63,1,1,3,1,1,1,榆林市,610800,2,臭氧1小时,良,极少数异常敏感人群应减少户外活动,空气质量可接受，但某些污染物可能对极少数异常敏感人群健康有较弱影响,38.2893,109.737375,27
0,2024-06-13T14:00:00,38,1,1,1,1,1,1,安康市,610900,1,―,优,各类人群可正常活动,空气质量令人满意，基本无空气污染,32.6817,109.022366666667,27
0,2024-06-13T14:00:00,70,1,1,3,2,1,1,商洛市,611000,2,臭氧1小时,良,极少数异常敏感人群应减少户外活动,空气质量可接受，但某些污染物可能对极少数异常敏感人群健康有较弱影响,33.8593,109.93985,27
0,2024-06-13T14:00:00,53,1,1,2,2,1,1,兰州市,620100,2,颗粒物(PM10),良,极少数异常敏感人群应减少户外活动,空气质量可接受，但某些污染物可能对极少数异常敏感人群健康有较弱影响,36.0507857142857,103.837328571429,28
0,2024-06-13T14:00:00,44,1,1,2,1,1,1,嘉峪关市,620200,1,―,优,各类人群可正常活动,空气质量令人满意，基本无空气污染,39.7804333333333,98.2741,28
0,2024-06-13T14:00:00,46,1,1,2,1,1,1,金昌市,620300,1,―,优,各类人群可正常活动,空气质量令人满意，基本无空气污染,38.5263666666667,102.173433333333,28
0,2024-06-13T14:00:00,60,1,1,2,2,1,1,白银市,620400,2,颗粒物(PM10),良,极少数异常敏感人群应减少户外活动,空气质量可接受，但某些污染物可能对极少数异常敏感人群健康有较弱影响,36.5464,104.15945,28
0,2024-06-13T14:00:00,40,1,1,2,1,1,1,天水市,620500,1,―,优,各类人群可正常活动,空气质量令人满意，基本无空气污染,34.4918,105.8735,28
0,2024-06-13T14:00:00,46,1,1,2,1,1,1,武威市,620600,1,―,优,各类人群可正常活动,空气质量令人满意，基本无空气污染,37.9288,102.63435,28
0,2024-06-13T14:00:00,47,1,1,2,1,1,1,张掖市,620700,1,―,优,各类人群可正常活动,空气质量令人满意，基本无空气污染,38.9473,100.4426,28
0,2024-06-13T14:00:00,46,1,1,2,1,1,1,平凉市,620800,1,―,优,各类人群可正常活动,空气质量令人满意，基本无空气污染,35.5384,106.68565,28
0,2024-06-13T14:00:00,42,1,1,2,1,1,1,酒泉市,620900,1,―,优,各类人群可正常活动,空气质量令人满意，基本无空气污染,39.73495,98.5025,28
0,2024-06-13T14:00:00,48,1,1,2,1,1,1,庆阳市,621000,1,―,优,各类人群可正常活动,空气质量令人满意，基本无空气污染,35.7212,107.63445,28
0,2024-06-13T14:00:00,46,1,1,2,1,1,1,定西市,621100,1,―,优,各类人群可正常活动,空气质量令人满意，基本无空气污染,35.5834,104.62175,28
0,2024-06-13T14:00:00,39,1,1,2,1,1,1,陇南市,621200,1,―,优,各类人群可正常活动,空气质量令人满意，基本无空气污染,33.3599,104.990366666667,28
0,2024-06-13T14:00:00,33,1,1,2,1,1,1,临夏回族自治州,622900,1,―,优,各类人群可正常活动,空气质量令人满意，基本无空气污染,35.6025,103.2243,28
0,2024-06-13T14:00:00,39,1,1,2,1,1,1,甘南藏族自治州,623000,1,―,优,各类人群可正常活动,空气质量令人满意，基本无空气污染,34.9729,102.90065,28
0,2024-06-13T14:00:00,44,1,1,1,1,1,1,西宁市,630100,1,―,优,各类人群可正常活动,空气质量令人满意，基本无空气污染,36.63695,101.718325,29
0,2024-06-13T14:00:00,29,1,1,1,1,1,1,海东市,632100,1,―,优,各类人群可正常活动,空气质量令人满意，基本无空气污染,36.5056,102.0738,29
0,2024-06-13T14:00:00,41,1,1,2,1,1,1,海北藏族自治州,632200,1,―,优,各类人群可正常活动,空气质量令人满意，基本无空气污染,36.9639,100.9048,29
0,2024-06-13T14:00:00,39,1,1,2,1,1,1,海南藏族自治州,632500,1,―,优,各类人群可正常活动,空气质量令人满意，基本无空气污染,36.2866,100.6188,29
0,2024-06-13T14:00:00,40,1,1,2,1,1,1,果洛藏族自治州,632600,1,―,优,各类人群可正常活动,空气质量令人满意，基本无空气污染,34.4714,100.2561,29
0,2024-06-13T14:00:00,46,1,1,2,1,1,1,玉树藏族自治州,632700,1,―,优,各类人群可正常活动,空气质量令人满意，基本无空气污染,33.0014,97,29
0,2024-06-13T14:00:00,43,1,1,2,1,1,1,海西蒙古族藏族自治州,632800,1,―,优,各类人群可正常活动,空气质量令人满意，基本无空气污染,37.3753,97.3731,29
0,2024-06-13T14:00:00,66,1,1,2,2,1,1,银川市,640100,2,颗粒物(PM10),良,极少数异常敏感人群应减少户外活动,空气质量可接受，但某些污染物可能对极少数异常敏感人群健康有较弱影响,38.4873285714286,106.204871428571,30
0,2024-06-13T14:00:00,125,1,1,2,3,2,1,石嘴山市,640200,3,颗粒物(PM10),轻度污染,儿童、老年人及心脏病、呼吸系统疾病患者应减少长时间、高强度的户外锻炼,易感人群症状有轻度加剧，健康人群出现刺激症状,39.0637833333333,106.547533333333,30
0,2024-06-13T14:00:00,63,1,1,2,2,1,1,吴忠市,640300,2,颗粒物(PM10),良,极少数异常敏感人群应减少户外活动,空气质量可接受，但某些污染物可能对极少数异常敏感人群健康有较弱影响,37.9790666666667,106.183333333333,30
0,2024-06-13T14:00:00,48,1,1,2,1,1,1,固原市,640400,1,―,优,各类人群可正常活动,空气质量令人满意，基本无空气污染,36.040225,106.241575,30
0,2024-06-13T14:00:00,133,1,1,2,3,2,1,中卫市,640500,3,颗粒物(PM10),轻度污染,儿童、老年人及心脏病、呼吸系统疾病患者应减少长时间、高强度的户外锻炼,易感人群症状有轻度加剧，健康人群出现刺激症状,37.4933,105.123133333333,30
0,2024-06-13T14:00:00,34,1,1,2,1,1,1,乌鲁木齐市,650100,1,―,优,各类人群可正常活动,空气质量令人满意，基本无空气污染,43.7969363636364,87.6513636363636,31
0,2024-06-13T14:00:00,39,1,1,2,1,1,1,克拉玛依市,650200,1,―,优,各类人群可正常活动,空气质量令人满意，基本无空气污染,45.46524,85.10024,31
0,2024-06-13T14:00:00,43,1,1,2,1,1,1,吐鲁番市,652100,1,―,优,各类人群可正常活动,空气质量令人满意，基本无空气污染,42.94885,89.17885,31
0,2024-06-13T14:00:00,45,1,1,2,1,1,1,哈密市,652200,1,―,优,各类人群可正常活动,空气质量令人满意，基本无空气污染,42.825,93.50445,31
0,2024-06-13T14:00:00,35,1,1,2,1,1,1,昌吉回族自治州,652300,1,―,优,各类人群可正常活动,空气质量令人满意，基本无空气污染,44.02195,87.2906,31
0,2024-06-13T14:00:00,39,1,1,2,1,1,1,博尔塔拉蒙古自治州,652700,1,―,优,各类人群可正常活动,空气质量令人满意，基本无空气污染,44.87625,82.06455,31
0,2024-06-13T14:00:00,44,1,1,2,1,1,1,巴音郭楞蒙古自治州,652800,1,―,优,各类人群可正常活动,空气质量令人满意，基本无空气污染,41.7292333333333,86.1933666666667,31
0,2024-06-13T14:00:00,41,1,1,2,1,1,1,阿克苏地区,652900,1,―,优,各类人群可正常活动,空气质量令人满意，基本无空气污染,41.16225,80.27665,31
0,2024-06-13T14:00:00,45,1,1,2,1,1,1,克孜勒苏柯尔克孜自治州,653000,1,―,优,各类人群可正常活动,空气质量令人满意，基本无空气污染,39.71495,76.1556,31
0,2024-06-13T14:00:00,44,1,1,2,1,1,1,喀什地区,653100,1,―,优,各类人群可正常活动,空气质量令人满意，基本无空气污染,39.4616666666667,75.977,31
0,2024-06-13T14:00:00,85,1,1,2,2,1,1,和田地区,653200,2,颗粒物(PM10),良,极少数异常敏感人群应减少户外活动,空气质量可接受，但某些污染物可能对极少数异常敏感人群健康有较弱影响,37.10035,79.91855,31
0,2024-06-13T14:00:00,35,1,1,2,1,1,1,伊犁哈萨克自治州,654000,1,―,优,各类人群可正常活动,空气质量令人满意，基本无空气污染,43.9329333333333,81.3058333333333,31
0,2024-06-13T14:00:00,20,1,1,1,1,1,1,塔城地区,654200,1,―,优,各类人群可正常活动,空气质量令人满意，基本无空气污染,46.7432,82.9994,31
0,2024-06-13T14:00:00,35,1,1,2,1,1,1,阿勒泰地区,654300,1,―,优,各类人群可正常活动,空气质量令人满意，基本无空气污染,47.8517,88.1264,31
0,2024-06-13T14:00:00,49,1,1,2,1,1,1,张家口市,131200,1,―,优,各类人群可正常活动,空气质量令人满意，基本无空气污染,40.8396,114.949183333333,3
0,2024-06-13T14:00:00,117,1,1,4,2,1,1,天津市,120000,3,臭氧1小时,轻度污染,儿童、老年人及心脏病、呼吸系统疾病患者应减少长时间、高强度的户外锻炼,易感人群症状有轻度加剧，健康人群出现刺激症状,39.1842761904762,117.325585714286,2
0,2024-06-13T14:00:00,44,1,1,2,1,1,1,重庆市,500000,1,―,优,各类人群可正常活动,空气质量令人满意，基本无空气污染,29.7235555555556,106.803769444444,22
0,2024-06-13T14:00:00,50,1,1,2,1,1,1,绍兴市,331300,1,―,优,各类人群可正常活动,空气质量令人满意，基本无空气污染,30.021475,120.6265125,11
0,2024-06-13T14:00:00,126,1,1,4,2,2,1,廊坊市,131000,3,臭氧1小时,轻度污染,儿童、老年人及心脏病、呼吸系统疾病患者应减少长时间、高强度的户外锻炼,易感人群症状有轻度加剧，健康人群出现刺激症状,39.53555,116.7047,3
0,2024-06-13T14:00:00,97,1,1,3,2,1,1,唐山市,130200,2,臭氧1小时,良,极少数异常敏感人群应减少户外活动,空气质量可接受，但某些污染物可能对极少数异常敏感人群健康有较弱影响,39.62889,118.216090909091,3
0,2024-06-13T14:00:00,124,1,1,4,2,1,1,沧州市,130900,3,臭氧1小时,轻度污染,儿童、老年人及心脏病、呼吸系统疾病患者应减少长时间、高强度的户外锻炼,易感人群症状有轻度加剧，健康人群出现刺激症状,38.311925,116.856775,3
0,2024-06-13T14:00:00,35,1,1,2,1,1,1,金华市,330700,1,―,优,各类人群可正常活动,空气质量令人满意，基本无空气污染,29.0976666666667,119.663,11
0,2024-06-13T14:00:00,15,1,1,1,1,1,1,楚雄彝族自治州,532301,1,―,优,各类人群可正常活动,空气质量令人满意，基本无空气污染,25.04665,101.5431,25
0,2024-06-13T14:00:00,20,1,1,1,1,1,1,红河哈尼族彝族自治州,532522,1,―,优,各类人群可正常活动,空气质量令人满意，基本无空气污染,23.3724333333333,103.3797,25
0,2024-06-13T14:00:00,20,1,1,1,1,1,1,文山壮族苗族自治州,532621,1,―,优,各类人群可正常活动,空气质量令人满意，基本无空气污染,23.3743,104.2426,25
0,2024-06-13T14:00:00,18,1,1,1,1,1,1,西双版纳傣族自治州,532801,1,―,优,各类人群可正常活动,空气质量令人满意，基本无空气污染,22.0122,100.7978,25
0,2024-06-13T14:00:00,25,1,1,1,1,1,1,大理白族自治州,532901,1,―,优,各类人群可正常活动,空气质量令人满意，基本无空气污染,25.64325,100.18565,25
0,2024-06-13T14:00:00,19,1,1,1,1,1,1,德宏傣族景颇族自治州,533103,1,―,优,各类人群可正常活动,空气质量令人满意，基本无空气污染,24.4324,98.58615,25
0,2024-06-13T14:00:00,19,1,1,1,1,1,1,怒江傈僳族自治州,533321,1,―,优,各类人群可正常活动,空气质量令人满意，基本无空气污染,25.8492,98.85735,25
0,2024-06-13T14:00:00,32,1,1,1,1,1,1,迪庆藏族自治州,533421,1,―,优,各类人群可正常活动,空气质量令人满意，基本无空气污染,27.82055,99.7096,25
0,2024-06-13T14:00:00,37,1,1,2,1,1,1,石河子市,659001,1,―,优,各类人群可正常活动,空气质量令人满意，基本无空气污染,44.2791,86.0554666666667,31
0,2024-06-13T14:00:00,37,1,1,2,1,1,1,五家渠市,659004,1,―,优,各类人群可正常活动,空气质量令人满意，基本无空气污染,44.1834,87.54675,31
0,2024-06-13T14:00:00,22,1,1,1,1,1,1,儋州市,460400,1,―,优,各类人群可正常活动,空气质量令人满意，基本无空气污染,19.5177,109.56465,21
